video_id,category_1,category_2,rank,task_id,video_path,download_status,feature_path,feature_exists,label
BF9sm7npKPs,Hobbies and Crafts,Games,3,15178,/content/drive/MyDrive/lab2_howto100m/videos/vid_BF9sm7npKPs.mp4,already_exists,/content/drive/MyDrive/lab2_howto100m/videoprism_features/vid_BF9sm7npKPs.npy,True,1
E1h3tNv0NUE,Hobbies and Crafts,Toys,18,105888,/content/drive/MyDrive/lab2_howto100m/videos/vid_E1h3tNv0NUE.mp4,already_exists,/content/drive/MyDrive/lab2_howto100m/videoprism_features/vid_E1h3tNv0NUE.npy,True,2
fXZTDI8WyqI,Hobbies and Crafts,Crafts,142,7107,/content/drive/MyDrive/lab2_howto100m/videos/vid_fXZTDI8WyqI.mp4,already_exists,/content/drive/MyDrive/lab2_howto100m/videoprism_features/vid_fXZTDI8WyqI.npy,True,0
AOUjqmA6880,Hobbies and Crafts,Toys,84,14453,/content/drive/MyDrive/lab2_howto100m/videos/vid_AOUjqmA6880.mp4,already_exists,/content/drive/MyDrive/lab2_howto100m/videoprism_features/vid_AOUjqmA6880.npy,True,2
mBoZIYq6VbE,Hobbies and Crafts,Woodworking,77,81324,/content/drive/MyDrive/lab2_howto100m/videos/vid_mBoZIYq6VbE.mp4,downloaded,/content/drive/MyDrive/lab2_howto100m/videoprism_features/vid_mBoZIYq6VbE.npy,True,4
wQAR2XQCgSE,Hobbies and Crafts,Woodworking,49,57705,/content/drive/MyDrive/lab2_howto100m/videos/vid_wQAR2XQCgSE.mp4,downloaded,/content/drive/MyDrive/lab2_howto100m/videoprism_features/vid_wQAR2XQCgSE.npy,True,4
LsiUtLbw02c,Hobbies and Crafts,Tricks and Pranks,5,118177,/content/drive/MyDrive/lab2_howto100m/videos/vid_LsiUtLbw02c.mp4,downloaded,/content/drive/MyDrive/lab2_howto100m/videoprism_features/vid_LsiUtLbw02c.npy,True,3
ildKOhewYoU,Hobbies and Crafts,Tricks and Pranks,161,4202,/content/drive/MyDrive/lab2_howto100m/videos/vid_ildKOhewYoU.mp4,downloaded,/content/drive/MyDrive/lab2_howto100m/videoprism_features/vid_ildKOhewYoU.npy,True,3
Q_C5Hmegf-A,Hobbies and Crafts,Tricks and Pranks,77,102578,/content/drive/MyDrive/lab2_howto100m/videos/vid_Q_C5Hmegf-A.mp4,downloaded,/content/drive/MyDrive/lab2_howto100m/videoprism_features/vid_Q_C5Hmegf-A.npy,True,3
PuPgxIXq_fc,Hobbies and Crafts,Tricks and Pranks,97,102583,/content/drive/MyDrive/lab2_howto100m/videos/vid_PuPgxIXq_fc.mp4,downloaded,/content/drive/MyDrive/lab2_howto100m/videoprism_features/vid_PuPgxIXq_fc.npy,True,3
V8W2aSIJDx4,Hobbies and Crafts,Crafts,18,44943,/content/drive/MyDrive/lab2_howto100m/videos/vid_V8W2aSIJDx4.mp4,already_exists,/content/drive/MyDrive/lab2_howto100m/videoprism_features/vid_V8W2aSIJDx4.npy,True,0
ua__xf55z1Q,Hobbies and Crafts,Toys,84,66026,/content/drive/MyDrive/lab2_howto100m/videos/vid_ua__xf55z1Q.mp4,already_exists,/content/drive/MyDrive/lab2_howto100m/videoprism_features/vid_ua__xf55z1Q.npy,True,2
IMolvDI1awU,Hobbies and Crafts,Games,136,82940,/content/drive/MyDrive/lab2_howto100m/videos/vid_IMolvDI1awU.mp4,already_exists,/content/drive/MyDrive/lab2_howto100m/videoprism_features/vid_IMolvDI1awU.npy,True,1
Czkr8vkzE38,Hobbies and Crafts,Tricks and Pranks,95,101971,/content/drive/MyDrive/lab2_howto100m/videos/vid_Czkr8vkzE38.mp4,downloaded,/content/drive/MyDrive/lab2_howto100m/videoprism_features/vid_Czkr8vkzE38.npy,True,3
DOkok197vSM,Hobbies and Crafts,Toys,83,115472,/content/drive/MyDrive/lab2_howto100m/videos/vid_DOkok197vSM.mp4,already_exists,/content/drive/MyDrive/lab2_howto100m/videoprism_features/vid_DOkok197vSM.npy,True,2
jtUBMNoUawA,Hobbies and Crafts,Crafts,119,92817,/content/drive/MyDrive/lab2_howto100m/videos/vid_jtUBMNoUawA.mp4,already_exists,/content/drive/MyDrive/lab2_howto100m/videoprism_features/vid_jtUBMNoUawA.npy,True,0
9OTRyuU3isk,Hobbies and Crafts,Games,50,95975,/content/drive/MyDrive/lab2_howto100m/videos/vid_9OTRyuU3isk.mp4,already_exists,/content/drive/MyDrive/lab2_howto100m/videoprism_features/vid_9OTRyuU3isk.npy,True,1
7sxA3hM_hLo,Hobbies and Crafts,Toys,31,30800,/content/drive/MyDrive/lab2_howto100m/videos/vid_7sxA3hM_hLo.mp4,already_exists,/content/drive/MyDrive/lab2_howto100m/videoprism_features/vid_7sxA3hM_hLo.npy,True,2
ag_UNIvqUUA,Hobbies and Crafts,Woodworking,126,47275,/content/drive/MyDrive/lab2_howto100m/videos/vid_ag_UNIvqUUA.mp4,downloaded,/content/drive/MyDrive/lab2_howto100m/videoprism_features/vid_ag_UNIvqUUA.npy,True,4
KpZ42jN5VYc,Hobbies and Crafts,Crafts,110,93282,/content/drive/MyDrive/lab2_howto100m/videos/vid_KpZ42jN5VYc.mp4,already_exists,/content/drive/MyDrive/lab2_howto100m/videoprism_features/vid_KpZ42jN5VYc.npy,True,0
d_bJe4CYo-A,Hobbies and Crafts,Games,9,40428,/content/drive/MyDrive/lab2_howto100m/videos/vid_d_bJe4CYo-A.mp4,already_exists,/content/drive/MyDrive/lab2_howto100m/videoprism_features/vid_d_bJe4CYo-A.npy,True,1
7BSkS1xa5AM,Hobbies and Crafts,Toys,119,105886,/content/drive/MyDrive/lab2_howto100m/videos/vid_7BSkS1xa5AM.mp4,already_exists,/content/drive/MyDrive/lab2_howto100m/videoprism_features/vid_7BSkS1xa5AM.npy,True,2
JEGO2m8Rytc,Hobbies and Crafts,Games,164,103000,/content/drive/MyDrive/lab2_howto100m/videos/vid_JEGO2m8Rytc.mp4,already_exists,/content/drive/MyDrive/lab2_howto100m/videoprism_features/vid_JEGO2m8Rytc.npy,True,1
awNeYZ8OKoc,Hobbies and Crafts,Woodworking,103,90813,/content/drive/MyDrive/lab2_howto100m/videos/vid_awNeYZ8OKoc.mp4,downloaded,/content/drive/MyDrive/lab2_howto100m/videoprism_features/vid_awNeYZ8OKoc.npy,True,4
gJgHgoaBTIk,Hobbies and Crafts,Games,172,114392,/content/drive/MyDrive/lab2_howto100m/videos/vid_gJgHgoaBTIk.mp4,already_exists,/content/drive/MyDrive/lab2_howto100m/videoprism_features/vid_gJgHgoaBTIk.npy,True,1
dyBa2U7gvr4,Hobbies and Crafts,Games,143,62593,/content/drive/MyDrive/lab2_howto100m/videos/vid_dyBa2U7gvr4.mp4,already_exists,/content/drive/MyDrive/lab2_howto100m/videoprism_features/vid_dyBa2U7gvr4.npy,True,1
q-bPiFuPFdU,Hobbies and Crafts,Crafts,178,114515,/content/drive/MyDrive/lab2_howto100m/videos/vid_q-bPiFuPFdU.mp4,already_exists,/content/drive/MyDrive/lab2_howto100m/videoprism_features/vid_q-bPiFuPFdU.npy,True,0
PkYYwqyyXdQ,Hobbies and Crafts,Crafts,192,7699,/content/drive/MyDrive/lab2_howto100m/videos/vid_PkYYwqyyXdQ.mp4,already_exists,/content/drive/MyDrive/lab2_howto100m/videoprism_features/vid_PkYYwqyyXdQ.npy,True,0
Vz1ulE2N28s,Hobbies and Crafts,Toys,88,32983,/content/drive/MyDrive/lab2_howto100m/videos/vid_Vz1ulE2N28s.mp4,already_exists,/content/drive/MyDrive/lab2_howto100m/videoprism_features/vid_Vz1ulE2N28s.npy,True,2
1_hz2n7v9ss,Hobbies and Crafts,Woodworking,91,32281,/content/drive/MyDrive/lab2_howto100m/videos/vid_1_hz2n7v9ss.mp4,downloaded,/content/drive/MyDrive/lab2_howto100m/videoprism_features/vid_1_hz2n7v9ss.npy,True,4
sU9iFV-PRVE,Hobbies and Crafts,Crafts,162,7801,/content/drive/MyDrive/lab2_howto100m/videos/vid_sU9iFV-PRVE.mp4,already_exists,/content/drive/MyDrive/lab2_howto100m/videoprism_features/vid_sU9iFV-PRVE.npy,True,0
ilxbxZbRjPE,Hobbies and Crafts,Woodworking,87,32287,/content/drive/MyDrive/lab2_howto100m/videos/vid_ilxbxZbRjPE.mp4,downloaded,/content/drive/MyDrive/lab2_howto100m/videoprism_features/vid_ilxbxZbRjPE.npy,True,4
bllFF-4r5hQ,Hobbies and Crafts,Crafts,31,21609,/content/drive/MyDrive/lab2_howto100m/videos/vid_bllFF-4r5hQ.mp4,already_exists,/content/drive/MyDrive/lab2_howto100m/videoprism_features/vid_bllFF-4r5hQ.npy,True,0
mKhDudgfz1I,Hobbies and Crafts,Games,77,56699,/content/drive/MyDrive/lab2_howto100m/videos/vid_mKhDudgfz1I.mp4,already_exists,/content/drive/MyDrive/lab2_howto100m/videoprism_features/vid_mKhDudgfz1I.npy,True,1
yy3hTjQdofY,Hobbies and Crafts,Toys,9,1140,/content/drive/MyDrive/lab2_howto100m/videos/vid_yy3hTjQdofY.mp4,already_exists,/content/drive/MyDrive/lab2_howto100m/videoprism_features/vid_yy3hTjQdofY.npy,True,2
eeDXsyuVpL4,Hobbies and Crafts,Tricks and Pranks,125,4206,/content/drive/MyDrive/lab2_howto100m/videos/vid_eeDXsyuVpL4.mp4,downloaded,/content/drive/MyDrive/lab2_howto100m/videoprism_features/vid_eeDXsyuVpL4.npy,True,3
mMLO4SyAKRg,Hobbies and Crafts,Woodworking,141,47254,/content/drive/MyDrive/lab2_howto100m/videos/vid_mMLO4SyAKRg.mp4,downloaded,/content/drive/MyDrive/lab2_howto100m/videoprism_features/vid_mMLO4SyAKRg.npy,True,4
sKzjf2G8nA8,Hobbies and Crafts,Tricks and Pranks,94,94066,/content/drive/MyDrive/lab2_howto100m/videos/vid_sKzjf2G8nA8.mp4,downloaded,/content/drive/MyDrive/lab2_howto100m/videoprism_features/vid_sKzjf2G8nA8.npy,True,3
dq19q8QzD1E,Hobbies and Crafts,Tricks and Pranks,57,48690,/content/drive/MyDrive/lab2_howto100m/videos/vid_dq19q8QzD1E.mp4,downloaded,/content/drive/MyDrive/lab2_howto100m/videoprism_features/vid_dq19q8QzD1E.npy,True,3
ZnD_R6eOZyM,Hobbies and Crafts,Woodworking,39,81326,/content/drive/MyDrive/lab2_howto100m/videos/vid_ZnD_R6eOZyM.mp4,downloaded,/content/drive/MyDrive/lab2_howto100m/videoprism_features/vid_ZnD_R6eOZyM.npy,True,4
